{
  "hash": "9765ee40",
  "configHash": "b6f3cb26",
  "lockfileHash": "111df9b1",
  "browserHash": "5c093b9b",
  "optimized": {
    "@angular/cdk/bidi": {
      "src": "../../../../../../node_modules/@angular/cdk/fesm2022/bidi.mjs",
      "file": "@angular_cdk_bidi.js",
      "fileHash": "ccfa891d",
      "needsInterop": false
    },
    "@angular/cdk/scrolling": {
      "src": "../../../../../../node_modules/@angular/cdk/fesm2022/scrolling.mjs",
      "file": "@angular_cdk_scrolling.js",
      "fileHash": "8f8d2c9b",
      "needsInterop": false
    },
    "@angular/cdk/text-field": {
      "src": "../../../../../../node_modules/@angular/cdk/fesm2022/text-field.mjs",
      "file": "@angular_cdk_text-field.js",
      "fileHash": "ef0a3906",
      "needsInterop": false
    },
    "@angular/common": {
      "src": "../../../../../../node_modules/@angular/common/fesm2022/common.mjs",
      "file": "@angular_common.js",
      "fileHash": "3caa4b42",
      "needsInterop": false
    },
    "@angular/common/http": {
      "src": "../../../../../../node_modules/@angular/common/fesm2022/http.mjs",
      "file": "@angular_common_http.js",
      "fileHash": "ec248ac0",
      "needsInterop": false
    },
    "@angular/core": {
      "src": "../../../../../../node_modules/@angular/core/fesm2022/core.mjs",
      "file": "@angular_core.js",
      "fileHash": "5ffb9d0d",
      "needsInterop": false
    },
    "@angular/forms": {
      "src": "../../../../../../node_modules/@angular/forms/fesm2022/forms.mjs",
      "file": "@angular_forms.js",
      "fileHash": "d2bfd27e",
      "needsInterop": false
    },
    "@angular/material/button": {
      "src": "../../../../../../node_modules/@angular/material/fesm2022/button.mjs",
      "file": "@angular_material_button.js",
      "fileHash": "9b86539c",
      "needsInterop": false
    },
    "@angular/material/core": {
      "src": "../../../../../../node_modules/@angular/material/fesm2022/core.mjs",
      "file": "@angular_material_core.js",
      "fileHash": "7485b708",
      "needsInterop": false
    },
    "@angular/material/datepicker": {
      "src": "../../../../../../node_modules/@angular/material/fesm2022/datepicker.mjs",
      "file": "@angular_material_datepicker.js",
      "fileHash": "8e69e07d",
      "needsInterop": false
    },
    "@angular/material/form-field": {
      "src": "../../../../../../node_modules/@angular/material/fesm2022/form-field.mjs",
      "file": "@angular_material_form-field.js",
      "fileHash": "7948ca0c",
      "needsInterop": false
    },
    "@angular/material/icon": {
      "src": "../../../../../../node_modules/@angular/material/fesm2022/icon.mjs",
      "file": "@angular_material_icon.js",
      "fileHash": "cb471fdc",
      "needsInterop": false
    },
    "@angular/material/input": {
      "src": "../../../../../../node_modules/@angular/material/fesm2022/input.mjs",
      "file": "@angular_material_input.js",
      "fileHash": "3cbaac5f",
      "needsInterop": false
    },
    "@angular/material/menu": {
      "src": "../../../../../../node_modules/@angular/material/fesm2022/menu.mjs",
      "file": "@angular_material_menu.js",
      "fileHash": "1089254a",
      "needsInterop": false
    },
    "@angular/material/radio": {
      "src": "../../../../../../node_modules/@angular/material/fesm2022/radio.mjs",
      "file": "@angular_material_radio.js",
      "fileHash": "76066858",
      "needsInterop": false
    },
    "@angular/material/select": {
      "src": "../../../../../../node_modules/@angular/material/fesm2022/select.mjs",
      "file": "@angular_material_select.js",
      "fileHash": "4cb4d2ed",
      "needsInterop": false
    },
    "@angular/material/table": {
      "src": "../../../../../../node_modules/@angular/material/fesm2022/table.mjs",
      "file": "@angular_material_table.js",
      "fileHash": "dd812187",
      "needsInterop": false
    },
    "@angular/material/toolbar": {
      "src": "../../../../../../node_modules/@angular/material/fesm2022/toolbar.mjs",
      "file": "@angular_material_toolbar.js",
      "fileHash": "29090856",
      "needsInterop": false
    },
    "@angular/platform-browser": {
      "src": "../../../../../../node_modules/@angular/platform-browser/fesm2022/platform-browser.mjs",
      "file": "@angular_platform-browser.js",
      "fileHash": "be7ce65a",
      "needsInterop": false
    },
    "@angular/platform-server/init": {
      "src": "../../../../../../node_modules/@angular/platform-server/fesm2022/init.mjs",
      "file": "@angular_platform-server_init.js",
      "fileHash": "33fc7486",
      "needsInterop": false
    },
    "@angular/router": {
      "src": "../../../../../../node_modules/@angular/router/fesm2022/router.mjs",
      "file": "@angular_router.js",
      "fileHash": "56721aee",
      "needsInterop": false
    },
    "@angular/ssr": {
      "src": "../../../../../../node_modules/@angular/ssr/fesm2022/ssr.mjs",
      "file": "@angular_ssr.js",
      "fileHash": "603dcc35",
      "needsInterop": false
    },
    "@angular/ssr/node": {
      "src": "../../../../../../node_modules/@angular/ssr/fesm2022/node.mjs",
      "file": "@angular_ssr_node.js",
      "fileHash": "a08546f8",
      "needsInterop": false
    },
    "@auth0/angular-jwt": {
      "src": "../../../../../../node_modules/@auth0/angular-jwt/fesm2015/auth0-angular-jwt.mjs",
      "file": "@auth0_angular-jwt.js",
      "fileHash": "73cea2e0",
      "needsInterop": false
    },
    "express": {
      "src": "../../../../../../node_modules/express/index.js",
      "file": "express.js",
      "fileHash": "66d329ff",
      "needsInterop": true
    },
    "rxjs": {
      "src": "../../../../../../node_modules/rxjs/dist/cjs/index.js",
      "file": "rxjs.js",
      "fileHash": "e46e7ab6",
      "needsInterop": true
    },
    "zone.js/node": {
      "src": "../../../../../../node_modules/zone.js/fesm2015/zone-node.js",
      "file": "zone__js_node.js",
      "fileHash": "7630d0c1",
      "needsInterop": true
    }
  },
  "chunks": {
    "xhr2-WBTWOK2V": {
      "file": "xhr2-WBTWOK2V.js"
    },
    "chunk-3JNYTVJQ": {
      "file": "chunk-3JNYTVJQ.js"
    },
    "chunk-M7HJLCSP": {
      "file": "chunk-M7HJLCSP.js"
    },
    "chunk-2SVLXIUP": {
      "file": "chunk-2SVLXIUP.js"
    },
    "chunk-QDNRCU7F": {
      "file": "chunk-QDNRCU7F.js"
    },
    "chunk-5KIGKXMI": {
      "file": "chunk-5KIGKXMI.js"
    },
    "chunk-QSSD5ZRY": {
      "file": "chunk-QSSD5ZRY.js"
    },
    "chunk-DJY4QCN4": {
      "file": "chunk-DJY4QCN4.js"
    },
    "chunk-USYEPZPV": {
      "file": "chunk-USYEPZPV.js"
    },
    "chunk-EOL5KMKA": {
      "file": "chunk-EOL5KMKA.js"
    },
    "chunk-UVLHDEXI": {
      "file": "chunk-UVLHDEXI.js"
    },
    "chunk-33YIMGFR": {
      "file": "chunk-33YIMGFR.js"
    },
    "chunk-57VN2KO7": {
      "file": "chunk-57VN2KO7.js"
    },
    "chunk-UMDLM4V6": {
      "file": "chunk-UMDLM4V6.js"
    },
    "chunk-E3FG6UY2": {
      "file": "chunk-E3FG6UY2.js"
    },
    "chunk-JZKAIVCH": {
      "file": "chunk-JZKAIVCH.js"
    },
    "chunk-MRHLUW7O": {
      "file": "chunk-MRHLUW7O.js"
    },
    "chunk-2NEAU27E": {
      "file": "chunk-2NEAU27E.js"
    },
    "chunk-7DMD4OB3": {
      "file": "chunk-7DMD4OB3.js"
    },
    "chunk-EUSCXREV": {
      "file": "chunk-EUSCXREV.js"
    },
    "chunk-WWW4UNPT": {
      "file": "chunk-WWW4UNPT.js"
    },
    "chunk-RHU6JSVF": {
      "file": "chunk-RHU6JSVF.js"
    },
    "chunk-JSPOYAUX": {
      "file": "chunk-JSPOYAUX.js"
    },
    "chunk-WMCF36ZG": {
      "file": "chunk-WMCF36ZG.js"
    },
    "chunk-HV5S5KHN": {
      "file": "chunk-HV5S5KHN.js"
    },
    "chunk-EOBB6PH3": {
      "file": "chunk-EOBB6PH3.js"
    },
    "chunk-4NRDWZRV": {
      "file": "chunk-4NRDWZRV.js"
    },
    "chunk-CPXKC5V3": {
      "file": "chunk-CPXKC5V3.js"
    },
    "chunk-WY372UHM": {
      "file": "chunk-WY372UHM.js"
    },
    "chunk-AFIPCVJA": {
      "file": "chunk-AFIPCVJA.js"
    },
    "chunk-E7QG5Y6X": {
      "file": "chunk-E7QG5Y6X.js"
    },
    "chunk-CBSJCWJ5": {
      "file": "chunk-CBSJCWJ5.js"
    },
    "chunk-WGRCPX6P": {
      "file": "chunk-WGRCPX6P.js"
    },
    "chunk-YHCV7DAQ": {
      "file": "chunk-YHCV7DAQ.js"
    }
  }
}