{
  "hash": "9afa95c1",
  "configHash": "37ae2538",
  "lockfileHash": "111df9b1",
  "browserHash": "855eb651",
  "optimized": {
    "@angular/cdk/bidi": {
      "src": "../../../../../../node_modules/@angular/cdk/fesm2022/bidi.mjs",
      "file": "@angular_cdk_bidi.js",
      "fileHash": "5552f89b",
      "needsInterop": false
    },
    "@angular/cdk/scrolling": {
      "src": "../../../../../../node_modules/@angular/cdk/fesm2022/scrolling.mjs",
      "file": "@angular_cdk_scrolling.js",
      "fileHash": "af3c492b",
      "needsInterop": false
    },
    "@angular/cdk/text-field": {
      "src": "../../../../../../node_modules/@angular/cdk/fesm2022/text-field.mjs",
      "file": "@angular_cdk_text-field.js",
      "fileHash": "8bc19f9d",
      "needsInterop": false
    },
    "@angular/common": {
      "src": "../../../../../../node_modules/@angular/common/fesm2022/common.mjs",
      "file": "@angular_common.js",
      "fileHash": "eab3433d",
      "needsInterop": false
    },
    "@angular/common/http": {
      "src": "../../../../../../node_modules/@angular/common/fesm2022/http.mjs",
      "file": "@angular_common_http.js",
      "fileHash": "62340b05",
      "needsInterop": false
    },
    "@angular/core": {
      "src": "../../../../../../node_modules/@angular/core/fesm2022/core.mjs",
      "file": "@angular_core.js",
      "fileHash": "f42d634f",
      "needsInterop": false
    },
    "@angular/forms": {
      "src": "../../../../../../node_modules/@angular/forms/fesm2022/forms.mjs",
      "file": "@angular_forms.js",
      "fileHash": "c9fbbb70",
      "needsInterop": false
    },
    "@angular/material/button": {
      "src": "../../../../../../node_modules/@angular/material/fesm2022/button.mjs",
      "file": "@angular_material_button.js",
      "fileHash": "4b5a7825",
      "needsInterop": false
    },
    "@angular/material/core": {
      "src": "../../../../../../node_modules/@angular/material/fesm2022/core.mjs",
      "file": "@angular_material_core.js",
      "fileHash": "627291a9",
      "needsInterop": false
    },
    "@angular/material/datepicker": {
      "src": "../../../../../../node_modules/@angular/material/fesm2022/datepicker.mjs",
      "file": "@angular_material_datepicker.js",
      "fileHash": "f71d1f9d",
      "needsInterop": false
    },
    "@angular/material/form-field": {
      "src": "../../../../../../node_modules/@angular/material/fesm2022/form-field.mjs",
      "file": "@angular_material_form-field.js",
      "fileHash": "85475a0c",
      "needsInterop": false
    },
    "@angular/material/icon": {
      "src": "../../../../../../node_modules/@angular/material/fesm2022/icon.mjs",
      "file": "@angular_material_icon.js",
      "fileHash": "357995f3",
      "needsInterop": false
    },
    "@angular/material/input": {
      "src": "../../../../../../node_modules/@angular/material/fesm2022/input.mjs",
      "file": "@angular_material_input.js",
      "fileHash": "ec479db5",
      "needsInterop": false
    },
    "@angular/material/menu": {
      "src": "../../../../../../node_modules/@angular/material/fesm2022/menu.mjs",
      "file": "@angular_material_menu.js",
      "fileHash": "77af2578",
      "needsInterop": false
    },
    "@angular/material/radio": {
      "src": "../../../../../../node_modules/@angular/material/fesm2022/radio.mjs",
      "file": "@angular_material_radio.js",
      "fileHash": "142d48be",
      "needsInterop": false
    },
    "@angular/material/select": {
      "src": "../../../../../../node_modules/@angular/material/fesm2022/select.mjs",
      "file": "@angular_material_select.js",
      "fileHash": "813e0593",
      "needsInterop": false
    },
    "@angular/material/table": {
      "src": "../../../../../../node_modules/@angular/material/fesm2022/table.mjs",
      "file": "@angular_material_table.js",
      "fileHash": "0f54bba1",
      "needsInterop": false
    },
    "@angular/material/toolbar": {
      "src": "../../../../../../node_modules/@angular/material/fesm2022/toolbar.mjs",
      "file": "@angular_material_toolbar.js",
      "fileHash": "fdb73c19",
      "needsInterop": false
    },
    "@angular/platform-browser": {
      "src": "../../../../../../node_modules/@angular/platform-browser/fesm2022/platform-browser.mjs",
      "file": "@angular_platform-browser.js",
      "fileHash": "b41fe0c1",
      "needsInterop": false
    },
    "@angular/router": {
      "src": "../../../../../../node_modules/@angular/router/fesm2022/router.mjs",
      "file": "@angular_router.js",
      "fileHash": "950d4986",
      "needsInterop": false
    },
    "@auth0/angular-jwt": {
      "src": "../../../../../../node_modules/@auth0/angular-jwt/fesm2020/auth0-angular-jwt.mjs",
      "file": "@auth0_angular-jwt.js",
      "fileHash": "d38ef8c4",
      "needsInterop": false
    },
    "rxjs": {
      "src": "../../../../../../node_modules/rxjs/dist/esm5/index.js",
      "file": "rxjs.js",
      "fileHash": "af3802ef",
      "needsInterop": false
    },
    "zone.js": {
      "src": "../../../../../../node_modules/zone.js/fesm2015/zone.js",
      "file": "zone__js.js",
      "fileHash": "a857c5fd",
      "needsInterop": true
    }
  },
  "chunks": {
    "chunk-ICYPKQH3": {
      "file": "chunk-ICYPKQH3.js"
    },
    "chunk-4ICCOTMU": {
      "file": "chunk-4ICCOTMU.js"
    },
    "chunk-U4UNXODU": {
      "file": "chunk-U4UNXODU.js"
    },
    "chunk-MSL6SS72": {
      "file": "chunk-MSL6SS72.js"
    },
    "chunk-6NVWBEDU": {
      "file": "chunk-6NVWBEDU.js"
    },
    "chunk-2LJW3CBI": {
      "file": "chunk-2LJW3CBI.js"
    },
    "chunk-5FJUETSK": {
      "file": "chunk-5FJUETSK.js"
    },
    "chunk-NK5GV45O": {
      "file": "chunk-NK5GV45O.js"
    },
    "chunk-4OCWLXHW": {
      "file": "chunk-4OCWLXHW.js"
    },
    "chunk-ZNQTWAHY": {
      "file": "chunk-ZNQTWAHY.js"
    },
    "chunk-3GDSFDN2": {
      "file": "chunk-3GDSFDN2.js"
    },
    "chunk-KC6LV7NL": {
      "file": "chunk-KC6LV7NL.js"
    },
    "chunk-EBAHDSGM": {
      "file": "chunk-EBAHDSGM.js"
    },
    "chunk-YUJJSMGZ": {
      "file": "chunk-YUJJSMGZ.js"
    },
    "chunk-XMCFJWNI": {
      "file": "chunk-XMCFJWNI.js"
    },
    "chunk-T2PFGC2X": {
      "file": "chunk-T2PFGC2X.js"
    },
    "chunk-LR26EI64": {
      "file": "chunk-LR26EI64.js"
    },
    "chunk-KGFUUHBZ": {
      "file": "chunk-KGFUUHBZ.js"
    },
    "chunk-GZCJ3XQX": {
      "file": "chunk-GZCJ3XQX.js"
    },
    "chunk-GWFLKVBH": {
      "file": "chunk-GWFLKVBH.js"
    },
    "chunk-DJSQ2PR2": {
      "file": "chunk-DJSQ2PR2.js"
    },
    "chunk-YSXDC6JA": {
      "file": "chunk-YSXDC6JA.js"
    },
    "chunk-XFYNVBOO": {
      "file": "chunk-XFYNVBOO.js"
    },
    "chunk-5EG33CFQ": {
      "file": "chunk-5EG33CFQ.js"
    },
    "chunk-I77MDKE2": {
      "file": "chunk-I77MDKE2.js"
    },
    "chunk-UV4LNQ42": {
      "file": "chunk-UV4LNQ42.js"
    },
    "chunk-BGUU5Y2V": {
      "file": "chunk-BGUU5Y2V.js"
    },
    "chunk-APPCZKFW": {
      "file": "chunk-APPCZKFW.js"
    },
    "chunk-BF7FI6KT": {
      "file": "chunk-BF7FI6KT.js"
    },
    "chunk-RSS3ODKE": {
      "file": "chunk-RSS3ODKE.js"
    },
    "chunk-WDMUDEB6": {
      "file": "chunk-WDMUDEB6.js"
    }
  }
}